id,first_name,last_name,email,gender,ip_address
703,Alexandros,Call,acallji@patch.com,Female,108.230.195.126
704,Darcy,Stenhouse,dstenhousejj@php.net,Female,127.205.121.70
705,Todd,Sickert,tsickertjk@feedburner.com,Genderqueer,213.36.2.109
706,Liane,Glencross,lglencrossjl@tamu.edu,Genderfluid,172.10.211.4
707,Lindsay,Beagles,lbeaglesjm@google.pl,Female,33.116.211.28
708,Julian,Weems,jweemsjn@slate.com,Male,186.70.80.127
709,Freida,Lauret,flauretjo@cam.ac.uk,Female,127.51.11.50
710,Clayborn,Kimblin,ckimblinjp@mtv.com,Male,212.22.250.17
711,Tamqrah,Drewet,tdrewetjq@edublogs.org,Male,30.232.123.131
712,Bekki,Hafner,bhafnerjr@friendfeed.com,Female,110.107.152.107
713,Yevette,Jales,yjalesjs@businesswire.com,Male,252.74.150.113
714,Cherianne,Blint,cblintjt@hexun.com,Polygender,60.155.184.51
715,Jodie,Yukhtin,jyukhtinju@narod.ru,Male,241.183.10.180
716,Mariel,Philipps,mphilippsjv@berkeley.edu,Male,28.216.55.57
717,Turner,Peplay,tpeplayjw@hc360.com,Female,70.165.25.66
718,Patsy,Isac,pisacjx@redcross.org,Genderfluid,124.140.85.199
719,Minnie,Syme,msymejy@constantcontact.com,Female,219.252.0.130
720,Milo,Harvison,mharvisonjz@pbs.org,Male,22.253.136.195
721,Kelci,Dufall,kdufallk0@rediff.com,Female,228.147.5.62
722,Orlan,Ballinghall,oballinghallk1@wikispaces.com,Female,227.110.57.234
723,Charmane,Glaisner,cglaisnerk2@biglobe.ne.jp,Female,143.155.220.78
724,Sharai,Blease,sbleasek3@netlog.com,Female,53.153.49.219
725,Timothea,Barnard,tbarnardk4@ted.com,Male,35.187.2.54
726,Adrianne,Goodwin,agoodwink5@amazon.co.jp,Female,12.231.118.114
727,Lynnea,Kidsley,lkidsleyk6@ustream.tv,Non-binary,247.173.39.176
728,Jedidiah,Scotts,jscottsk7@biglobe.ne.jp,Male,253.222.113.84
729,Ariel,Venton,aventonk8@jigsy.com,Male,130.228.11.29
730,Hyatt,Navarro,hnavarrok9@mac.com,Female,186.183.88.58
731,Nolana,Raiker,nraikerka@msu.edu,Female,55.202.58.171
732,Micheil,Vaskov,mvaskovkb@stanford.edu,Male,2.93.30.239
733,Roxi,Hubback,rhubbackkc@diigo.com,Male,83.220.193.170
734,Adam,Northcote,anorthcotekd@sina.com.cn,Male,120.176.60.22
735,Iris,Giabuzzi,igiabuzzike@time.com,Female,90.206.60.188
736,Kahlil,Olley,kolleykf@constantcontact.com,Male,110.15.228.43
737,Lulita,Wise,lwisekg@php.net,Male,193.206.246.91
738,Ranice,Cod,rcodkh@cnn.com,Female,32.119.40.118
739,Sibylle,Satteford,ssattefordki@youtu.be,Female,1.85.77.173
740,Elyse,Gladyer,egladyerkj@yolasite.com,Male,85.19.221.49
741,Clarey,Byforth,cbyforthkk@spotify.com,Female,12.61.171.95
742,Wendy,Wonfor,wwonforkl@chicagotribune.com,Non-binary,76.66.131.214
743,Yardley,Satchel,ysatchelkm@oracle.com,Female,18.199.28.48
744,Norah,Calloway,ncallowaykn@wikipedia.org,Male,104.184.198.235
745,Charisse,Haysar,chaysarko@nifty.com,Female,77.92.236.4
746,Salaidh,Pfaffel,spfaffelkp@wikia.com,Non-binary,231.219.245.238
747,Colan,Caldayrou,ccaldayroukq@oakley.com,Male,75.17.191.1
748,Ferdinand,Giacomuzzo,fgiacomuzzokr@time.com,Male,67.221.16.118
749,Parke,Dreng,pdrengks@salon.com,Female,8.248.235.41
750,Tamarra,Hofner,thofnerkt@techcrunch.com,Male,176.120.83.197
751,Christy,Notman,cnotmanku@moonfruit.com,Female,68.26.243.10
752,Kameko,Nelthropp,knelthroppkv@nymag.com,Female,172.75.162.107
753,Elvin,Kellogg,ekelloggkw@studiopress.com,Female,140.133.255.167
754,Dal,Jordi,djordikx@princeton.edu,Male,199.203.105.192
755,Amalita,Kempshall,akempshallky@telegraph.co.uk,Female,84.5.86.26
756,Leesa,Foden,lfodenkz@japanpost.jp,Male,220.99.106.130
757,Korella,Chesher,kchesherl0@java.com,Male,171.96.82.15
758,Lethia,Weldrick,lweldrickl1@blogtalkradio.com,Male,82.253.154.157
759,Harper,Rafferty,hraffertyl2@geocities.jp,Male,121.175.140.125
760,Neill,Winnett,nwinnettl3@elegantthemes.com,Female,52.230.179.209
761,Lance,Woolf,lwoolfl4@sbwire.com,Male,48.114.244.180
762,Winston,Mordin,wmordinl5@addtoany.com,Female,197.53.179.16
763,Ranique,Swatradge,rswatradgel6@behance.net,Male,52.231.46.17
764,Sidoney,Northage,snorthagel7@ning.com,Female,166.141.235.66
765,Basilius,Grestie,bgrestiel8@diigo.com,Male,151.72.220.125
766,Fernande,Tichner,ftichnerl9@shareasale.com,Male,244.249.57.212
767,Bernie,Alennikov,balennikovla@oakley.com,Female,9.1.220.246
768,Candie,Levicount,clevicountlb@goo.gl,Male,70.38.174.27
769,Dugald,Braybrookes,dbraybrookeslc@photobucket.com,Female,42.24.126.243
770,Edeline,Gorusso,egorussold@nytimes.com,Female,105.39.248.227
771,Karlee,Dwyr,kdwyrle@wix.com,Female,132.70.13.5
772,Burke,Sposito,bspositolf@intel.com,Male,188.2.145.237
773,Perle,Reily,preilylg@umn.edu,Male,45.251.22.113
774,Brita,Crocket,bcrocketlh@ehow.com,Male,159.96.210.192
775,Lenka,Tacker,ltackerli@vistaprint.com,Female,176.199.31.153
776,Deb,Aujouanet,daujouanetlj@theatlantic.com,Male,102.16.110.109
777,Glenda,O'Dyvoie,godyvoielk@nsw.gov.au,Female,17.118.64.84
778,Christalle,Dulson,cdulsonll@disqus.com,Female,172.184.53.213
779,Eolanda,Byforth,ebyforthlm@businesswire.com,Male,167.96.127.11
780,Dredi,Iacobetto,diacobettoln@devhub.com,Male,27.232.245.146
781,Emyle,Morse,emorselo@163.com,Male,12.139.170.93
782,Claudina,Szymonowicz,cszymonowiczlp@japanpost.jp,Male,127.30.189.26
783,Malory,Berston,mberstonlq@vistaprint.com,Female,89.14.65.70
784,Marris,Hadcock,mhadcocklr@nbcnews.com,Female,125.176.160.82
785,Lanita,Bungey,lbungeyls@ft.com,Female,7.215.39.55
786,Amery,Rapin,arapinlt@un.org,Female,1.73.52.192
787,Jone,Cullrford,jcullrfordlu@howstuffworks.com,Female,200.18.50.64
788,Kathie,Jarrelt,kjarreltlv@infoseek.co.jp,Genderfluid,84.1.23.243
789,Darelle,Melbert,dmelbertlw@arizona.edu,Female,40.195.194.176
790,Samantha,Headington,sheadingtonlx@discovery.com,Female,147.5.157.0
791,Cazzie,Hateley,chateleyly@linkedin.com,Female,186.236.2.168
792,Carlos,Cruickshanks,ccruickshankslz@scribd.com,Agender,55.107.171.37
793,Guthry,McDonell,gmcdonellm0@webmd.com,Female,164.240.56.113
794,Valry,Aumerle,vaumerlem1@sciencedaily.com,Female,231.134.178.165
795,Tressa,Reame,treamem2@slashdot.org,Male,222.28.150.116
796,Vasily,Ateridge,vateridgem3@gizmodo.com,Female,180.190.19.42
797,Effie,Deeble,edeeblem4@163.com,Male,6.224.154.59
798,Louisa,Witherby,lwitherbym5@wix.com,Female,107.159.116.2
799,Cedric,Castellet,ccastelletm6@ucla.edu,Female,1.28.55.63
800,Maridel,Heffy,mheffym7@senate.gov,Male,248.237.211.6
801,Hallie,Jerisch,hjerischm8@ovh.net,Male,163.97.55.251
